{"url": "http://ebf-deploy123.dankicode.com", "container_id": "a5e39f3465693f3102da37d0cc2cf2915c46fe21cf0a649201389eeb28810a60", "container_name": "projeto-ebf-deploy123", "image_name": "projeto-ebf-deploy123:latest", "project_type": "nodejs", "deployment_mode": "prod", "timestamp": 1751593243.7804787, "port": 8009, "cloudflare_registered": true, "ssl_enabled": false, "subdomain_name": "ebf-deploy123", "domain": "ebf-deploy123.dankicode.com", "container_ip": "172.17.0.10", "rebuild_needed": true, "optimized": true}